k,img,e_abs,e_rel,delta,resid,psnr,inner_k,inner_cum,tv_ratio,ref_check,alpha,beta,m_k
0,0,5.358096e-01,3.730804e-02,2.448656e+00,5.418148e-01,2.314110e+01,5.000000e+00,5.000000e+00,1.222758e+00,nan,3.000000e-01,5.000000e-02,5.000000e+00
0,1,2.248095e-01,5.674059e-03,1.885504e+00,5.612441e-01,2.179010e+01,5.000000e+00,5.000000e+00,1.035406e+00,nan,3.000000e-01,5.000000e-02,5.000000e+00
0,2,4.040976e-01,9.467602e-03,2.280716e+00,6.168181e-01,2.170689e+01,5.000000e+00,5.000000e+00,1.116222e+00,nan,3.000000e-01,5.000000e-02,5.000000e+00
1,0,nan,nan,7.611090e-01,nan,2.314289e+01,5.000000e+00,1.000000e+01,9.952432e-01,nan,5.104841e-03,2.500000e-02,5.000000e+00
1,1,nan,nan,6.148857e-01,nan,2.229080e+01,5.000000e+00,1.000000e+01,8.553073e-01,nan,6.629528e-03,2.500000e-02,5.000000e+00
1,2,nan,nan,7.323048e-01,nan,2.224870e+01,5.000000e+00,1.000000e+01,8.864480e-01,nan,5.480734e-03,2.500000e-02,5.000000e+00
2,0,nan,nan,3.005395e-01,nan,2.320016e+01,5.000000e+00,1.500000e+01,9.328135e-01,nan,7.299291e-03,1.666667e-02,5.000000e+00
2,1,nan,nan,3.281933e-01,nan,2.257789e+01,5.000000e+00,1.500000e+01,8.771411e-01,nan,9.035103e-03,1.666667e-02,5.000000e+00
2,2,nan,nan,3.456041e-01,nan,2.259727e+01,5.000000e+00,1.500000e+01,8.512138e-01,nan,7.586398e-03,1.666667e-02,5.000000e+00
3,0,nan,nan,1.914340e-01,nan,2.331288e+01,5.000000e+00,2.000000e+01,9.092830e-01,nan,1.039797e-02,1.250000e-02,5.000000e+00
3,1,nan,nan,2.647075e-01,nan,2.279213e+01,5.000000e+00,2.000000e+01,9.023259e-01,nan,9.521828e-03,1.250000e-02,5.000000e+00
3,2,nan,nan,2.740787e-01,nan,2.281981e+01,5.000000e+00,2.000000e+01,8.754125e-01,nan,9.042139e-03,1.250000e-02,5.000000e+00
4,0,nan,nan,1.785739e-01,nan,2.346416e+01,5.000000e+00,2.500000e+01,9.197433e-01,nan,1.044747e-02,1.000000e-02,5.000000e+00
4,1,nan,nan,2.367427e-01,nan,2.297142e+01,5.000000e+00,2.500000e+01,9.255630e-01,nan,7.555509e-03,1.000000e-02,5.000000e+00
4,2,nan,nan,2.405026e-01,nan,2.300111e+01,5.000000e+00,2.500000e+01,9.042031e-01,nan,7.297175e-03,1.000000e-02,5.000000e+00
5,0,5.610510e-02,3.809241e-03,1.826435e-01,2.100770e-01,2.362736e+01,5.000000e+00,3.000000e+01,9.641657e-01,nan,7.777672e-03,8.333334e-03,5.000000e+00
5,1,5.818697e-02,1.448008e-03,2.066936e-01,2.840419e-01,2.311819e+01,5.000000e+00,3.000000e+01,9.466206e-01,nan,5.866661e-03,8.333334e-03,5.000000e+00
5,2,5.971589e-02,1.381234e-03,2.116910e-01,2.888470e-01,2.315063e+01,5.000000e+00,3.000000e+01,9.333027e-01,nan,5.774944e-03,8.333334e-03,5.000000e+00
6,0,nan,nan,1.620339e-01,nan,2.377076e+01,5.000000e+00,3.500000e+01,1.011221e+00,nan,5.586884e-03,7.142857e-03,5.000000e+00
6,1,nan,nan,1.834673e-01,nan,2.323933e+01,5.000000e+00,3.500000e+01,9.660304e-01,nan,4.936814e-03,7.142857e-03,5.000000e+00
6,2,nan,nan,1.880556e-01,nan,2.327435e+01,5.000000e+00,3.500000e+01,9.616332e-01,nan,4.820271e-03,7.142857e-03,5.000000e+00
7,0,nan,nan,1.301436e-01,nan,2.388808e+01,5.000000e+00,4.000000e+01,1.032423e+00,nan,4.821523e-03,6.250000e-03,5.000000e+00
7,1,nan,nan,1.635092e-01,nan,2.333927e+01,5.000000e+00,4.000000e+01,9.839925e-01,nan,4.258253e-03,6.250000e-03,5.000000e+00
7,2,nan,nan,1.682078e-01,nan,2.337683e+01,5.000000e+00,4.000000e+01,9.889242e-01,nan,4.154358e-03,6.250000e-03,5.000000e+00
8,0,nan,nan,1.026507e-01,nan,2.397801e+01,5.000000e+00,4.500000e+01,1.035675e+00,nan,4.743100e-03,5.555556e-03,5.000000e+00
8,1,nan,nan,1.467509e-01,nan,2.342203e+01,5.000000e+00,4.500000e+01,1.000563e+00,nan,3.775225e-03,5.555556e-03,5.000000e+00
8,2,nan,nan,1.481887e-01,nan,2.346659e+01,5.000000e+00,4.500000e+01,1.008317e+00,nan,3.669770e-03,5.555556e-03,5.000000e+00
9,0,nan,nan,8.922172e-02,nan,2.404455e+01,5.000000e+00,5.000000e+01,1.029275e+00,nan,4.870889e-03,5.000000e-03,5.000000e+00
9,1,nan,nan,1.280406e-01,nan,2.350196e+01,5.000000e+00,5.000000e+01,1.006714e+00,nan,3.407134e-03,5.000000e-03,5.000000e+00
9,2,nan,nan,1.293301e-01,nan,2.355574e+01,5.000000e+00,5.000000e+01,1.010980e+00,nan,3.374077e-03,5.000000e-03,5.000000e+00
10,0,5.886108e-02,3.950761e-03,8.401890e-02,1.139857e-01,2.409343e+01,5.000000e+00,5.500000e+01,1.018576e+00,nan,4.631419e-03,4.545454e-03,5.000000e+00
10,1,3.288988e-02,8.135328e-04,1.163040e-01,1.621219e-01,2.358421e+01,5.000000e+00,5.500000e+01,1.002588e+00,nan,3.227283e-03,4.545454e-03,5.000000e+00
10,2,3.421095e-02,7.870275e-04,1.179002e-01,1.629556e-01,2.364443e+01,5.000000e+00,5.500000e+01,1.005013e+00,nan,3.195104e-03,4.545454e-03,5.000000e+00
11,0,nan,nan,7.811999e-02,nan,2.413097e+01,5.000000e+00,6.000000e+01,1.008831e+00,nan,4.132668e-03,4.166667e-03,5.000000e+00
11,1,nan,nan,1.069834e-01,nan,2.365830e+01,5.000000e+00,6.000000e+01,9.985135e-01,nan,2.985472e-03,4.166667e-03,5.000000e+00
11,2,nan,nan,1.081052e-01,nan,2.372665e+01,5.000000e+00,6.000000e+01,9.994621e-01,nan,2.945051e-03,4.166667e-03,5.000000e+00
12,0,nan,nan,6.974067e-02,nan,2.416327e+01,5.000000e+00,6.500000e+01,1.002629e+00,nan,3.787225e-03,3.846154e-03,5.000000e+00
12,1,nan,nan,9.800024e-02,nan,2.371948e+01,5.000000e+00,6.500000e+01,9.981527e-01,nan,2.765457e-03,3.846154e-03,5.000000e+00
12,2,nan,nan,9.908061e-02,nan,2.379867e+01,5.000000e+00,6.500000e+01,9.973034e-01,nan,2.736761e-03,3.846154e-03,5.000000e+00
13,0,nan,nan,6.209125e-02,nan,2.419439e+01,5.000000e+00,7.000000e+01,9.994338e-01,nan,3.657866e-03,3.571429e-03,5.000000e+00
13,1,nan,nan,9.058954e-02,nan,2.377074e+01,5.000000e+00,7.000000e+01,9.997167e-01,nan,2.603076e-03,3.571429e-03,5.000000e+00
13,2,nan,nan,9.157921e-02,nan,2.386057e+01,5.000000e+00,7.000000e+01,9.980867e-01,nan,2.574692e-03,3.571429e-03,5.000000e+00
14,0,nan,nan,5.649142e-02,nan,2.422558e+01,5.000000e+00,7.500000e+01,9.987608e-01,nan,3.578962e-03,3.333333e-03,5.000000e+00
14,1,nan,nan,8.404700e-02,nan,2.381664e+01,5.000000e+00,7.500000e+01,1.000756e+00,nan,2.453067e-03,3.333333e-03,5.000000e+00
14,2,nan,nan,8.518193e-02,nan,2.391487e+01,5.000000e+00,7.500000e+01,9.999381e-01,nan,2.426557e-03,3.333333e-03,5.000000e+00
15,0,2.458462e-02,1.640874e-03,5.223464e-02,7.083643e-02,2.425644e+01,5.000000e+00,8.000000e+01,9.997266e-01,nan,3.457384e-03,3.125000e-03,5.000000e+00
15,1,2.194789e-02,5.413037e-04,7.842416e-02,1.098072e-01,2.385922e+01,5.000000e+00,8.000000e+01,1.000630e+00,nan,2.323849e-03,3.125000e-03,5.000000e+00
15,2,2.233850e-02,5.125683e-04,7.944318e-02,1.106929e-01,2.396439e+01,5.000000e+00,8.000000e+01,1.001134e+00,nan,2.292887e-03,3.125000e-03,5.000000e+00
16,0,nan,nan,4.876880e-02,nan,2.428600e+01,5.000000e+00,8.500000e+01,1.001187e+00,nan,3.312177e-03,2.941177e-03,5.000000e+00
16,1,nan,nan,7.364258e-02,nan,2.389818e+01,5.000000e+00,8.500000e+01,1.000008e+00,nan,2.206085e-03,2.941177e-03,5.000000e+00
16,2,nan,nan,7.447083e-02,nan,2.401069e+01,5.000000e+00,8.500000e+01,1.001097e+00,nan,2.177788e-03,2.941177e-03,5.000000e+00
17,0,nan,nan,4.551616e-02,nan,2.431338e+01,5.000000e+00,9.000000e+01,1.002585e+00,nan,3.164339e-03,2.777778e-03,5.000000e+00
17,1,nan,nan,6.938767e-02,nan,2.393279e+01,5.000000e+00,9.000000e+01,9.996670e-01,nan,2.095540e-03,2.777778e-03,5.000000e+00
17,2,nan,nan,7.014826e-02,nan,2.405392e+01,5.000000e+00,9.000000e+01,1.000404e+00,nan,2.072234e-03,2.777778e-03,5.000000e+00
18,0,nan,nan,4.247730e-02,nan,2.433797e+01,5.000000e+00,9.500000e+01,1.003438e+00,nan,3.042967e-03,2.631579e-03,5.000000e+00
18,1,nan,nan,6.551714e-02,nan,2.396314e+01,5.000000e+00,9.500000e+01,9.998110e-01,nan,1.996092e-03,2.631579e-03,5.000000e+00
18,2,nan,nan,6.631781e-02,nan,2.409356e+01,5.000000e+00,9.500000e+01,9.997520e-01,nan,1.974449e-03,2.631579e-03,5.000000e+00
19,0,nan,nan,3.979101e-02,nan,2.435949e+01,5.000000e+00,1.000000e+02,1.003653e+00,nan,2.942748e-03,2.500000e-03,5.000000e+00
19,1,nan,nan,6.205440e-02,nan,2.399027e+01,5.000000e+00,1.000000e+02,1.000079e+00,nan,1.907898e-03,2.500000e-03,5.000000e+00
19,2,nan,nan,6.287800e-02,nan,2.412930e+01,5.000000e+00,1.000000e+02,9.995182e-01,nan,1.884863e-03,2.500000e-03,5.000000e+00
20,0,1.724551e-02,1.147510e-03,3.743077e-02,5.101938e-02,2.437795e+01,5.000000e+00,1.050000e+02,1.003500e+00,nan,2.849355e-03,2.380952e-03,5.000000e+00
20,1,1.647486e-02,4.056600e-04,5.899737e-02,8.248091e-02,2.401502e+01,5.000000e+00,1.050000e+02,1.000154e+00,nan,1.827085e-03,2.380952e-03,5.000000e+00
20,2,1.677427e-02,3.843334e-04,5.977518e-02,8.328345e-02,2.416142e+01,5.000000e+00,1.050000e+02,9.996865e-01,nan,1.803154e-03,2.380952e-03,5.000000e+00
21,0,nan,nan,3.520163e-02,nan,2.439363e+01,5.000000e+00,1.100000e+02,1.003180e+00,nan,2.759916e-03,2.272727e-03,5.000000e+00
21,1,nan,nan,5.625561e-02,nan,2.403767e+01,5.000000e+00,1.100000e+02,1.000072e+00,nan,1.751023e-03,2.272727e-03,5.000000e+00
21,2,nan,nan,5.695627e-02,nan,2.419053e+01,5.000000e+00,1.100000e+02,1.000000e+00,nan,1.728239e-03,2.272727e-03,5.000000e+00
22,0,nan,nan,3.307137e-02,nan,2.440705e+01,5.000000e+00,1.150000e+02,1.002845e+00,nan,2.685045e-03,2.173913e-03,5.000000e+00
22,1,nan,nan,5.377288e-02,nan,2.405818e+01,5.000000e+00,1.150000e+02,9.999907e-01,nan,1.680152e-03,2.173913e-03,5.000000e+00
22,2,nan,nan,5.437130e-02,nan,2.421722e+01,5.000000e+00,1.150000e+02,1.000226e+00,nan,1.659483e-03,2.173913e-03,5.000000e+00
23,0,nan,nan,3.106533e-02,nan,2.441859e+01,5.000000e+00,1.200000e+02,1.002496e+00,nan,2.624795e-03,2.083333e-03,5.000000e+00
23,1,nan,nan,5.152546e-02,nan,2.407656e+01,5.000000e+00,1.200000e+02,9.999630e-01,nan,1.614300e-03,2.083333e-03,5.000000e+00
23,2,nan,nan,5.199952e-02,nan,2.424190e+01,5.000000e+00,1.200000e+02,1.000264e+00,nan,1.596532e-03,2.083333e-03,5.000000e+00
24,0,nan,nan,2.933415e-02,nan,2.442859e+01,5.000000e+00,1.250000e+02,1.002175e+00,nan,2.575218e-03,2.000000e-03,5.000000e+00
24,1,nan,nan,4.946330e-02,nan,2.409300e+01,5.000000e+00,1.250000e+02,9.999948e-01,nan,1.552630e-03,2.000000e-03,5.000000e+00
24,2,nan,nan,4.984082e-02,nan,2.426479e+01,5.000000e+00,1.250000e+02,1.000145e+00,nan,1.538476e-03,2.000000e-03,5.000000e+00
25,0,1.349314e-02,8.961377e-04,2.775992e-02,3.837520e-02,2.443720e+01,5.000000e+00,1.300000e+02,1.001876e+00,nan,2.521447e-03,1.923077e-03,5.000000e+00
25,1,1.329508e-02,3.270268e-04,4.757454e-02,6.640188e-02,2.410777e+01,5.000000e+00,1.300000e+02,1.000027e+00,nan,1.495341e-03,1.923077e-03,5.000000e+00
25,2,1.339709e-02,3.066693e-04,4.786280e-02,6.652243e-02,2.428580e+01,5.000000e+00,1.300000e+02,1.000029e+00,nan,1.484014e-03,1.923077e-03,5.000000e+00
26,0,nan,nan,2.626500e-02,nan,2.444461e+01,5.000000e+00,1.350000e+02,1.001641e+00,nan,2.470724e-03,1.851852e-03,5.000000e+00
26,1,nan,nan,4.583998e-02,nan,2.412111e+01,5.000000e+00,1.350000e+02,1.000029e+00,nan,1.441677e-03,1.851852e-03,5.000000e+00
26,2,nan,nan,4.598210e-02,nan,2.430504e+01,5.000000e+00,1.350000e+02,1.000020e+00,nan,1.432994e-03,1.851852e-03,5.000000e+00
27,0,nan,nan,2.486203e-02,nan,2.445114e+01,5.000000e+00,1.400000e+02,1.001508e+00,nan,2.428155e-03,1.785714e-03,5.000000e+00
27,1,nan,nan,4.422987e-02,nan,2.413309e+01,5.000000e+00,1.400000e+02,1.000024e+00,nan,1.391264e-03,1.785714e-03,5.000000e+00
27,2,nan,nan,4.425776e-02,nan,2.432266e+01,5.000000e+00,1.400000e+02,1.000065e+00,nan,1.386964e-03,1.785714e-03,5.000000e+00
28,0,nan,nan,2.353041e-02,nan,2.445688e+01,5.000000e+00,1.450000e+02,1.001456e+00,nan,2.391319e-03,1.724138e-03,5.000000e+00
28,1,nan,nan,4.273707e-02,nan,2.414384e+01,5.000000e+00,1.450000e+02,1.000028e+00,nan,1.344183e-03,1.724138e-03,5.000000e+00
28,2,nan,nan,4.261108e-02,nan,2.433886e+01,5.000000e+00,1.450000e+02,1.000150e+00,nan,1.343336e-03,1.724138e-03,5.000000e+00
29,0,nan,nan,2.230937e-02,nan,2.446179e+01,5.000000e+00,1.500000e+02,1.001430e+00,nan,2.361011e-03,1.666667e-03,5.000000e+00
29,1,nan,nan,4.134058e-02,nan,2.415345e+01,5.000000e+00,1.500000e+02,1.000030e+00,nan,1.299938e-03,1.666667e-03,5.000000e+00
29,2,nan,nan,4.110007e-02,nan,2.435384e+01,5.000000e+00,1.500000e+02,1.000163e+00,nan,1.303782e-03,1.666667e-03,5.000000e+00
30,0,1.007870e-02,6.685437e-04,2.119409e-02,2.960965e-02,2.446585e+01,5.000000e+00,1.550000e+02,1.001386e+00,nan,2.332165e-03,1.612903e-03,5.000000e+00
30,1,1.118013e-02,2.748049e-04,4.004807e-02,5.577702e-02,2.416203e+01,5.000000e+00,1.550000e+02,1.000020e+00,nan,1.258549e-03,1.612903e-03,5.000000e+00
30,2,1.106536e-02,2.531285e-04,3.964660e-02,5.510278e-02,2.436772e+01,5.000000e+00,1.550000e+02,1.000138e+00,nan,1.265913e-03,1.612903e-03,5.000000e+00
31,0,nan,nan,2.018229e-02,nan,2.446915e+01,5.000000e+00,1.600000e+02,1.001282e+00,nan,2.303855e-03,1.562500e-03,5.000000e+00
31,1,nan,nan,3.882900e-02,nan,2.416964e+01,5.000000e+00,1.600000e+02,1.000023e+00,nan,1.219238e-03,1.562500e-03,5.000000e+00
31,2,nan,nan,3.834201e-02,nan,2.438054e+01,5.000000e+00,1.600000e+02,1.000090e+00,nan,1.231584e-03,1.562500e-03,5.000000e+00
32,0,nan,nan,1.917985e-02,nan,2.447193e+01,5.000000e+00,1.650000e+02,1.001218e+00,nan,2.274949e-03,1.515151e-03,5.000000e+00
32,1,nan,nan,3.769753e-02,nan,2.417638e+01,5.000000e+00,1.650000e+02,1.000023e+00,nan,1.182459e-03,1.515151e-03,5.000000e+00
32,2,nan,nan,3.709140e-02,nan,2.439239e+01,5.000000e+00,1.650000e+02,1.000082e+00,nan,1.197477e-03,1.515151e-03,5.000000e+00
33,0,nan,nan,1.824429e-02,nan,2.447424e+01,5.000000e+00,1.700000e+02,1.001134e+00,nan,2.255106e-03,1.470588e-03,5.000000e+00
33,1,nan,nan,3.663997e-02,nan,2.418230e+01,5.000000e+00,1.700000e+02,1.000026e+00,nan,1.147359e-03,1.470588e-03,5.000000e+00
33,2,nan,nan,3.589064e-02,nan,2.440325e+01,5.000000e+00,1.700000e+02,1.000112e+00,nan,1.166108e-03,1.470588e-03,5.000000e+00
34,0,nan,nan,1.738988e-02,nan,2.447605e+01,5.000000e+00,1.750000e+02,1.001056e+00,nan,2.237211e-03,1.428571e-03,5.000000e+00
34,1,nan,nan,3.561665e-02,nan,2.418747e+01,5.000000e+00,1.750000e+02,1.000045e+00,nan,1.113984e-03,1.428571e-03,5.000000e+00
34,2,nan,nan,3.480680e-02,nan,2.441319e+01,5.000000e+00,1.750000e+02,1.000116e+00,nan,1.137241e-03,1.428571e-03,5.000000e+00
35,0,8.270816e-03,5.481638e-04,1.659630e-02,2.351232e-02,2.447739e+01,5.000000e+00,1.800000e+02,1.000991e+00,nan,2.218546e-03,1.388889e-03,5.000000e+00
35,1,9.689769e-03,2.380415e-04,3.466226e-02,4.819366e-02,2.419204e+01,5.000000e+00,1.800000e+02,1.000051e+00,nan,1.083208e-03,1.388889e-03,5.000000e+00
35,2,9.458354e-03,2.162606e-04,3.380719e-02,4.700767e-02,2.442235e+01,5.000000e+00,1.800000e+02,1.000093e+00,nan,1.108411e-03,1.388889e-03,5.000000e+00
36,0,nan,nan,1.586526e-02,nan,2.447833e+01,5.000000e+00,1.850000e+02,1.000940e+00,nan,2.200672e-03,1.351351e-03,5.000000e+00
36,1,nan,nan,3.374864e-02,nan,2.419614e+01,5.000000e+00,1.850000e+02,1.000047e+00,nan,1.053682e-03,1.351351e-03,5.000000e+00
36,2,nan,nan,3.285893e-02,nan,2.443077e+01,5.000000e+00,1.850000e+02,1.000072e+00,nan,1.080332e-03,1.351351e-03,5.000000e+00
37,0,nan,nan,1.518206e-02,nan,2.447897e+01,5.000000e+00,1.900000e+02,1.000884e+00,nan,2.182506e-03,1.315790e-03,5.000000e+00
37,1,nan,nan,3.290112e-02,nan,2.419968e+01,5.000000e+00,1.900000e+02,1.000029e+00,nan,1.025998e-03,1.315790e-03,5.000000e+00
37,2,nan,nan,3.193110e-02,nan,2.443846e+01,5.000000e+00,1.900000e+02,1.000068e+00,nan,1.053778e-03,1.315790e-03,5.000000e+00
38,0,nan,nan,1.454375e-02,nan,2.447932e+01,5.000000e+00,1.950000e+02,1.000836e+00,nan,2.165260e-03,1.282051e-03,5.000000e+00
38,1,nan,nan,3.209667e-02,nan,2.420264e+01,5.000000e+00,1.950000e+02,1.000028e+00,nan,9.991486e-04,1.282051e-03,5.000000e+00
38,2,nan,nan,3.104132e-02,nan,2.444550e+01,5.000000e+00,1.950000e+02,1.000075e+00,nan,1.029501e-03,1.282051e-03,5.000000e+00
39,0,nan,nan,1.395257e-02,nan,2.447939e+01,5.000000e+00,2.000000e+02,1.000786e+00,nan,2.148690e-03,1.250000e-03,5.000000e+00
39,1,nan,nan,3.132347e-02,nan,2.420506e+01,5.000000e+00,2.000000e+02,1.000033e+00,nan,9.736214e-04,1.250000e-03,5.000000e+00
39,2,nan,nan,3.022474e-02,nan,2.445198e+01,5.000000e+00,2.000000e+02,1.000069e+00,nan,1.006723e-03,1.250000e-03,5.000000e+00
40,0,6.902419e-03,4.571929e-04,1.330156e-02,1.913463e-02,2.447932e+01,5.000000e+00,2.050000e+02,1.000763e+00,nan,2.131809e-03,1.219512e-03,5.000000e+00
40,1,8.553112e-03,2.100258e-04,3.059334e-02,4.248559e-02,2.420702e+01,5.000000e+00,2.050000e+02,1.000036e+00,nan,9.495818e-04,1.219512e-03,5.000000e+00
40,2,8.245361e-03,1.884527e-04,2.944499e-02,4.086022e-02,2.445790e+01,5.000000e+00,2.050000e+02,1.000076e+00,nan,9.841011e-04,1.219512e-03,5.000000e+00
41,0,nan,nan,1.271027e-02,nan,2.447913e+01,5.000000e+00,2.100000e+02,1.000730e+00,nan,2.130929e-03,1.190476e-03,5.000000e+00
41,1,nan,nan,2.988652e-02,nan,2.420852e+01,5.000000e+00,2.100000e+02,1.000038e+00,nan,9.264983e-04,1.190476e-03,5.000000e+00
41,2,nan,nan,2.868297e-02,nan,2.446326e+01,5.000000e+00,2.100000e+02,1.000101e+00,nan,9.626313e-04,1.190476e-03,5.000000e+00
42,0,nan,nan,1.222620e-02,nan,2.447876e+01,5.000000e+00,2.150000e+02,1.000682e+00,nan,2.127544e-03,1.162791e-03,5.000000e+00
42,1,nan,nan,2.919506e-02,nan,2.420963e+01,5.000000e+00,2.150000e+02,1.000041e+00,nan,9.048106e-04,1.162791e-03,5.000000e+00
42,2,nan,nan,2.793717e-02,nan,2.446820e+01,5.000000e+00,2.150000e+02,1.000115e+00,nan,9.427771e-04,1.162791e-03,5.000000e+00
43,0,nan,nan,1.177643e-02,nan,2.447818e+01,5.000000e+00,2.200000e+02,1.000620e+00,nan,2.112385e-03,1.136364e-03,5.000000e+00
43,1,nan,nan,2.854880e-02,nan,2.421038e+01,5.000000e+00,2.200000e+02,1.000039e+00,nan,8.846170e-04,1.136364e-03,5.000000e+00
43,2,nan,nan,2.722621e-02,nan,2.447275e+01,5.000000e+00,2.200000e+02,1.000115e+00,nan,9.244474e-04,1.136364e-03,5.000000e+00
44,0,nan,nan,1.133178e-02,nan,2.447742e+01,5.000000e+00,2.250000e+02,1.000566e+00,nan,2.096676e-03,1.111111e-03,5.000000e+00
44,1,nan,nan,2.794029e-02,nan,2.421078e+01,5.000000e+00,2.250000e+02,1.000026e+00,nan,8.648826e-04,1.111111e-03,5.000000e+00
44,2,nan,nan,2.646817e-02,nan,2.447693e+01,5.000000e+00,2.250000e+02,1.000141e+00,nan,9.068965e-04,1.111111e-03,5.000000e+00
45,0,5.182676e-03,3.431258e-04,1.090817e-02,1.577380e-02,2.447651e+01,5.000000e+00,2.300000e+02,1.000526e+00,nan,2.085240e-03,1.086956e-03,5.000000e+00
45,1,7.634605e-03,1.874029e-04,2.735831e-02,3.798725e-02,2.421083e+01,5.000000e+00,2.300000e+02,1.000019e+00,nan,8.457138e-04,1.086956e-03,5.000000e+00
45,2,7.231664e-03,1.652315e-04,2.578813e-02,3.573874e-02,2.448074e+01,5.000000e+00,2.300000e+02,1.000130e+00,nan,8.927510e-04,1.086956e-03,5.000000e+00
46,0,nan,nan,1.051803e-02,nan,2.447551e+01,5.000000e+00,2.350000e+02,1.000493e+00,nan,2.075020e-03,1.063830e-03,5.000000e+00
46,1,nan,nan,2.679831e-02,nan,2.421054e+01,5.000000e+00,2.350000e+02,1.000025e+00,nan,8.273419e-04,1.063830e-03,5.000000e+00
46,2,nan,nan,2.516290e-02,nan,2.448424e+01,5.000000e+00,2.350000e+02,1.000107e+00,nan,8.777167e-04,1.063830e-03,5.000000e+00
47,0,nan,nan,1.013803e-02,nan,2.447441e+01,5.000000e+00,2.400000e+02,1.000470e+00,nan,2.063257e-03,1.041667e-03,5.000000e+00
47,1,nan,nan,2.625483e-02,nan,2.420992e+01,5.000000e+00,2.400000e+02,1.000032e+00,nan,8.098045e-04,1.041667e-03,5.000000e+00
47,2,nan,nan,2.455563e-02,nan,2.448747e+01,5.000000e+00,2.400000e+02,1.000095e+00,nan,8.624358e-04,1.041667e-03,5.000000e+00
48,0,nan,nan,9.730596e-03,nan,2.447329e+01,5.000000e+00,2.450000e+02,1.000474e+00,nan,2.054112e-03,1.020408e-03,5.000000e+00
48,1,nan,nan,2.568531e-02,nan,2.420906e+01,5.000000e+00,2.450000e+02,1.000054e+00,nan,7.931743e-04,1.020408e-03,5.000000e+00
48,2,nan,nan,2.399544e-02,nan,2.449044e+01,5.000000e+00,2.450000e+02,1.000069e+00,nan,8.480604e-04,1.020408e-03,5.000000e+00
49,0,nan,nan,9.357364e-03,nan,2.447216e+01,5.000000e+00,2.500000e+02,1.000456e+00,nan,2.055372e-03,1.000000e-03,5.000000e+00
49,1,nan,nan,2.516810e-02,nan,2.420801e+01,5.000000e+00,2.500000e+02,1.000054e+00,nan,7.786552e-04,1.000000e-03,5.000000e+00
49,2,nan,nan,2.340699e-02,nan,2.449312e+01,5.000000e+00,2.500000e+02,1.000079e+00,nan,8.334915e-04,1.000000e-03,5.000000e+00
50,0,4.362958e-03,2.887546e-04,8.980939e-03,1.309170e-02,2.447100e+01,5.000000e+00,2.550000e+02,1.000434e+00,nan,2.054358e-03,9.803922e-04,5.000000e+00
50,1,6.883693e-03,1.689180e-04,2.467283e-02,3.415839e-02,2.420676e+01,5.000000e+00,2.550000e+02,1.000041e+00,nan,7.637994e-04,9.803922e-04,5.000000e+00
50,2,6.414820e-03,1.465292e-04,2.283138e-02,3.165004e-02,2.449552e+01,5.000000e+00,2.550000e+02,1.000116e+00,nan,8.212664e-04,9.803922e-04,5.000000e+00
51,0,nan,nan,8.656897e-03,nan,2.446978e+01,5.000000e+00,2.600000e+02,1.000392e+00,nan,2.058930e-03,9.615385e-04,5.000000e+00
51,1,nan,nan,2.417150e-02,nan,2.420532e+01,5.000000e+00,2.600000e+02,1.000041e+00,nan,7.494528e-04,9.615385e-04,5.000000e+00
51,2,nan,nan,2.226350e-02,nan,2.449774e+01,5.000000e+00,2.600000e+02,1.000127e+00,nan,8.098994e-04,9.615385e-04,5.000000e+00
52,0,nan,nan,8.383648e-03,nan,2.446850e+01,5.000000e+00,2.650000e+02,1.000346e+00,nan,2.056156e-03,9.433962e-04,5.000000e+00
52,1,nan,nan,2.368309e-02,nan,2.420371e+01,5.000000e+00,2.650000e+02,1.000043e+00,nan,7.364014e-04,9.433962e-04,5.000000e+00
52,2,nan,nan,2.171816e-02,nan,2.449984e+01,5.000000e+00,2.650000e+02,1.000126e+00,nan,7.995116e-04,9.433962e-04,5.000000e+00
53,0,nan,nan,8.124514e-03,nan,2.446716e+01,5.000000e+00,2.700000e+02,1.000307e+00,nan,2.045264e-03,9.259259e-04,5.000000e+00
53,1,nan,nan,2.320863e-02,nan,2.420191e+01,5.000000e+00,2.700000e+02,1.000053e+00,nan,7.240092e-04,9.259259e-04,5.000000e+00
53,2,nan,nan,2.116442e-02,nan,2.450179e+01,5.000000e+00,2.700000e+02,1.000117e+00,nan,7.895132e-04,9.259259e-04,5.000000e+00
54,0,nan,nan,7.869715e-03,nan,2.446581e+01,5.000000e+00,2.750000e+02,1.000288e+00,nan,2.034451e-03,9.090909e-04,5.000000e+00
54,1,nan,nan,2.274796e-02,nan,2.420001e+01,5.000000e+00,2.750000e+02,1.000055e+00,nan,7.121888e-04,9.090909e-04,5.000000e+00
54,2,nan,nan,2.066748e-02,nan,2.450354e+01,5.000000e+00,2.750000e+02,1.000104e+00,nan,7.809772e-04,9.090909e-04,5.000000e+00
55,0,3.231641e-03,2.138206e-04,7.634869e-03,1.117384e-02,2.446444e+01,5.000000e+00,2.800000e+02,1.000274e+00,nan,2.025979e-03,8.928571e-04,5.000000e+00
55,1,6.255708e-03,1.534666e-04,2.230642e-02,3.093825e-02,2.419803e+01,5.000000e+00,2.800000e+02,1.000048e+00,nan,7.008926e-04,8.928571e-04,5.000000e+00
55,2,5.764551e-03,1.316460e-04,2.022050e-02,2.824191e-02,2.450505e+01,5.000000e+00,2.800000e+02,1.000086e+00,nan,7.714474e-04,8.928571e-04,5.000000e+00
56,0,nan,nan,7.420781e-03,nan,2.446306e+01,5.000000e+00,2.850000e+02,1.000252e+00,nan,2.015667e-03,8.771930e-04,5.000000e+00
56,1,nan,nan,2.191207e-02,nan,2.419597e+01,5.000000e+00,2.850000e+02,1.000033e+00,nan,6.899067e-04,8.771930e-04,5.000000e+00
56,2,nan,nan,1.981918e-02,nan,2.450636e+01,5.000000e+00,2.850000e+02,1.000066e+00,nan,7.610766e-04,8.771930e-04,5.000000e+00
57,0,nan,nan,7.217564e-03,nan,2.446168e+01,5.000000e+00,2.900000e+02,1.000229e+00,nan,2.002924e-03,8.620690e-04,5.000000e+00
57,1,nan,nan,2.152813e-02,nan,2.419378e+01,5.000000e+00,2.900000e+02,1.000023e+00,nan,6.783138e-04,8.620690e-04,5.000000e+00
57,2,nan,nan,1.944880e-02,nan,2.450746e+01,5.000000e+00,2.900000e+02,1.000049e+00,nan,7.499433e-04,8.620690e-04,5.000000e+00
58,0,nan,nan,7.019982e-03,nan,2.446031e+01,5.000000e+00,2.950000e+02,1.000215e+00,nan,1.990102e-03,8.474576e-04,5.000000e+00
58,1,nan,nan,2.114459e-02,nan,2.419148e+01,5.000000e+00,2.950000e+02,1.000027e+00,nan,6.672055e-04,8.474576e-04,5.000000e+00
58,2,nan,nan,1.908228e-02,nan,2.450836e+01,5.000000e+00,2.950000e+02,1.000045e+00,nan,7.385385e-04,8.474576e-04,5.000000e+00
59,0,nan,nan,6.803073e-03,nan,2.445895e+01,5.000000e+00,3.000000e+02,1.000218e+00,nan,1.978479e-03,8.333334e-04,5.000000e+00
59,1,nan,nan,2.076855e-02,nan,2.418910e+01,5.000000e+00,3.000000e+02,1.000036e+00,nan,6.568531e-04,8.333334e-04,5.000000e+00
59,2,nan,nan,1.870474e-02,nan,2.450909e+01,5.000000e+00,3.000000e+02,1.000054e+00,nan,7.278423e-04,8.333334e-04,5.000000e+00
60,0,2.493854e-03,1.649679e-04,6.581321e-03,9.610219e-03,2.445762e+01,5.000000e+00,3.050000e+02,1.000215e+00,nan,1.975173e-03,8.196721e-04,5.000000e+00
60,1,5.701767e-03,1.398441e-04,2.042668e-02,2.826425e-02,2.418661e+01,5.000000e+00,3.050000e+02,1.000037e+00,nan,6.470000e-04,8.196721e-04,5.000000e+00
60,2,5.189673e-03,1.184944e-04,1.832178e-02,2.549939e-02,2.450969e+01,5.000000e+00,3.050000e+02,1.000064e+00,nan,7.183873e-04,8.196721e-04,5.000000e+00
61,0,nan,nan,6.398172e-03,nan,2.445633e+01,5.000000e+00,3.100000e+02,1.000198e+00,nan,1.976394e-03,8.064516e-04,5.000000e+00
61,1,nan,nan,2.006675e-02,nan,2.418404e+01,5.000000e+00,3.100000e+02,1.000047e+00,nan,6.367791e-04,8.064516e-04,5.000000e+00
61,2,nan,nan,1.793596e-02,nan,2.451020e+01,5.000000e+00,3.100000e+02,1.000082e+00,nan,7.099357e-04,8.064516e-04,5.000000e+00
62,0,nan,nan,6.230132e-03,nan,2.445504e+01,5.000000e+00,3.150000e+02,1.000182e+00,nan,1.968942e-03,7.936508e-04,5.000000e+00
62,1,nan,nan,1.970898e-02,nan,2.418136e+01,5.000000e+00,3.150000e+02,1.000047e+00,nan,6.277862e-04,7.936508e-04,5.000000e+00
62,2,nan,nan,1.755140e-02,nan,2.451064e+01,5.000000e+00,3.150000e+02,1.000091e+00,nan,7.023673e-04,7.936508e-04,5.000000e+00
63,0,nan,nan,6.074028e-03,nan,2.445378e+01,5.000000e+00,3.200000e+02,1.000173e+00,nan,1.959354e-03,7.812500e-04,5.000000e+00
63,1,nan,nan,1.939226e-02,nan,2.417862e+01,5.000000e+00,3.200000e+02,1.000036e+00,nan,6.193640e-04,7.812500e-04,5.000000e+00
63,2,nan,nan,1.715584e-02,nan,2.451101e+01,5.000000e+00,3.200000e+02,1.000093e+00,nan,6.955017e-04,7.812500e-04,5.000000e+00
64,0,nan,nan,5.840758e-03,nan,2.445253e+01,5.000000e+00,3.250000e+02,1.000178e+00,nan,1.948348e-03,7.692308e-04,5.000000e+00
64,1,nan,nan,1.907950e-02,nan,2.417582e+01,5.000000e+00,3.250000e+02,1.000031e+00,nan,6.102599e-04,7.692308e-04,5.000000e+00
64,2,nan,nan,1.675632e-02,nan,2.451124e+01,5.000000e+00,3.250000e+02,1.000100e+00,nan,6.898131e-04,7.692308e-04,5.000000e+00
65,0,2.310169e-03,1.527893e-04,5.591425e-03,8.133702e-03,2.445131e+01,5.000000e+00,3.300000e+02,1.000186e+00,nan,1.965228e-03,7.575757e-04,5.000000e+00
65,1,5.240728e-03,1.285095e-04,1.876495e-02,2.598415e-02,2.417294e+01,5.000000e+00,3.300000e+02,1.000032e+00,nan,6.016101e-04,7.575757e-04,5.000000e+00
65,2,4.697685e-03,1.072429e-04,1.634199e-02,2.280669e-02,2.451134e+01,5.000000e+00,3.300000e+02,1.000119e+00,nan,6.850203e-04,7.575757e-04,5.000000e+00
66,0,nan,nan,5.350181e-03,nan,2.445014e+01,5.000000e+00,3.350000e+02,1.000189e+00,nan,1.992039e-03,7.462687e-04,5.000000e+00
66,1,nan,nan,1.843575e-02,nan,2.416996e+01,5.000000e+00,3.350000e+02,1.000041e+00,nan,5.935715e-04,7.462687e-04,5.000000e+00
66,2,nan,nan,1.599308e-02,nan,2.451137e+01,5.000000e+00,3.350000e+02,1.000110e+00,nan,6.815778e-04,7.462687e-04,5.000000e+00
67,0,nan,nan,5.128890e-03,nan,2.444903e+01,5.000000e+00,3.400000e+02,1.000186e+00,nan,2.021081e-03,7.352941e-04,5.000000e+00
67,1,nan,nan,1.814964e-02,nan,2.416692e+01,5.000000e+00,3.400000e+02,1.000040e+00,nan,5.865316e-04,7.352941e-04,5.000000e+00
67,2,nan,nan,1.567662e-02,nan,2.451133e+01,5.000000e+00,3.400000e+02,1.000081e+00,nan,6.761142e-04,7.352941e-04,5.000000e+00
68,0,nan,nan,4.895581e-03,nan,2.444802e+01,5.000000e+00,3.450000e+02,1.000192e+00,nan,2.047616e-03,7.246377e-04,5.000000e+00
68,1,nan,nan,1.786279e-02,nan,2.416380e+01,5.000000e+00,3.450000e+02,1.000039e+00,nan,5.786337e-04,7.246377e-04,5.000000e+00
68,2,nan,nan,1.535328e-02,nan,2.451119e+01,5.000000e+00,3.450000e+02,1.000067e+00,nan,6.699147e-04,7.246377e-04,5.000000e+00
69,0,nan,nan,4.729121e-03,nan,2.444710e+01,5.000000e+00,3.500000e+02,1.000173e+00,nan,2.084345e-03,7.142857e-04,5.000000e+00
69,1,nan,nan,1.759279e-02,nan,2.416061e+01,5.000000e+00,3.500000e+02,1.000038e+00,nan,5.712479e-04,7.142857e-04,5.000000e+00
69,2,nan,nan,1.499101e-02,nan,2.451097e+01,5.000000e+00,3.500000e+02,1.000085e+00,nan,6.646188e-04,7.142857e-04,5.000000e+00
70,0,2.390320e-03,1.580668e-04,4.601431e-03,7.128036e-03,2.444617e+01,5.000000e+00,3.550000e+02,1.000152e+00,nan,2.097360e-03,7.042253e-04,5.000000e+00
70,1,4.874840e-03,1.195149e-04,1.732856e-02,2.406784e-02,2.415739e+01,5.000000e+00,3.550000e+02,1.000036e+00,nan,5.637915e-04,7.042253e-04,5.000000e+00
70,2,4.177895e-03,9.536269e-05,1.469739e-02,2.067069e-02,2.451073e+01,5.000000e+00,3.550000e+02,1.000080e+00,nan,6.616412e-04,7.042253e-04,5.000000e+00
71,0,nan,nan,4.487643e-03,nan,2.444524e+01,5.000000e+00,3.600000e+02,1.000132e+00,nan,2.096101e-03,6.944445e-04,5.000000e+00
71,1,nan,nan,1.708071e-02,nan,2.415412e+01,5.000000e+00,3.600000e+02,1.000030e+00,nan,5.565992e-04,6.944445e-04,5.000000e+00
71,2,nan,nan,1.445603e-02,nan,2.451045e+01,5.000000e+00,3.600000e+02,1.000057e+00,nan,6.562429e-04,6.944445e-04,5.000000e+00
72,0,nan,nan,4.356470e-03,nan,2.444432e+01,5.000000e+00,3.650000e+02,1.000125e+00,nan,2.090769e-03,6.849315e-04,5.000000e+00
72,1,nan,nan,1.684048e-02,nan,2.415080e+01,5.000000e+00,3.650000e+02,1.000026e+00,nan,5.493109e-04,6.849315e-04,5.000000e+00
72,2,nan,nan,1.421471e-02,nan,2.451009e+01,5.000000e+00,3.650000e+02,1.000040e+00,nan,6.490456e-04,6.849315e-04,5.000000e+00
73,0,nan,nan,4.203889e-03,nan,2.444350e+01,5.000000e+00,3.700000e+02,1.000126e+00,nan,2.095906e-03,6.756757e-04,5.000000e+00
73,1,nan,nan,1.660768e-02,nan,2.414743e+01,5.000000e+00,3.700000e+02,1.000023e+00,nan,5.421908e-04,6.756757e-04,5.000000e+00
73,2,nan,nan,1.397984e-02,nan,2.450962e+01,5.000000e+00,3.700000e+02,1.000036e+00,nan,6.423451e-04,6.756757e-04,5.000000e+00
74,0,nan,nan,4.096020e-03,nan,2.444277e+01,5.000000e+00,3.750000e+02,1.000124e+00,nan,2.114445e-03,6.666667e-04,5.000000e+00
74,1,nan,nan,1.637467e-02,nan,2.414401e+01,5.000000e+00,3.750000e+02,1.000024e+00,nan,5.352276e-04,6.666667e-04,5.000000e+00
74,2,nan,nan,1.375187e-02,nan,2.450908e+01,5.000000e+00,3.750000e+02,1.000034e+00,nan,6.358362e-04,6.666667e-04,5.000000e+00
75,0,1.625681e-03,1.074902e-04,4.010082e-03,6.171490e-03,2.444205e+01,5.000000e+00,3.800000e+02,1.000120e+00,7.612444e-06,2.113395e-03,6.578948e-04,5.000000e+00
75,1,4.529165e-03,1.110212e-04,1.613429e-02,2.239355e-02,2.414055e+01,5.000000e+00,3.800000e+02,1.000029e+00,2.169642e-07,5.286525e-04,6.578948e-04,5.000000e+00
75,2,3.783775e-03,8.635553e-05,1.353337e-02,1.905101e-02,2.450847e+01,5.000000e+00,3.800000e+02,1.000035e+00,3.953725e-07,6.294785e-04,6.578948e-04,5.000000e+00
76,0,nan,nan,3.916205e-03,nan,2.444132e+01,5.000000e+00,3.850000e+02,1.000122e+00,nan,2.102981e-03,6.493506e-04,5.000000e+00
76,1,nan,nan,1.590953e-02,nan,2.413706e+01,5.000000e+00,3.850000e+02,1.000027e+00,nan,5.226835e-04,6.493506e-04,5.000000e+00
76,2,nan,nan,1.332585e-02,nan,2.450780e+01,5.000000e+00,3.850000e+02,1.000035e+00,nan,6.231355e-04,6.493506e-04,5.000000e+00
77,0,nan,nan,3.823722e-03,nan,2.444058e+01,5.000000e+00,3.900000e+02,1.000123e+00,nan,2.098531e-03,6.410257e-04,5.000000e+00
77,1,nan,nan,1.570034e-02,nan,2.413353e+01,5.000000e+00,3.900000e+02,1.000020e+00,nan,5.165631e-04,6.410257e-04,5.000000e+00
77,2,nan,nan,1.311612e-02,nan,2.450710e+01,5.000000e+00,3.900000e+02,1.000044e+00,nan,6.167172e-04,6.410257e-04,5.000000e+00
78,0,nan,nan,3.744174e-03,nan,2.443985e+01,5.000000e+00,3.950000e+02,1.000120e+00,nan,2.095220e-03,6.329114e-04,5.000000e+00
78,1,nan,nan,1.548801e-02,nan,2.412995e+01,5.000000e+00,3.950000e+02,1.000025e+00,nan,5.102780e-04,6.329114e-04,5.000000e+00
78,2,nan,nan,1.289951e-02,nan,2.450637e+01,5.000000e+00,3.950000e+02,1.000051e+00,nan,6.108162e-04,6.329114e-04,5.000000e+00
79,0,nan,nan,3.667768e-03,nan,2.443912e+01,5.000000e+00,4.000000e+02,1.000116e+00,nan,2.086575e-03,6.250000e-04,5.000000e+00
79,1,nan,nan,1.526567e-02,nan,2.412637e+01,5.000000e+00,4.000000e+02,1.000037e+00,nan,5.044224e-04,6.250000e-04,5.000000e+00
79,2,nan,nan,1.269693e-02,nan,2.450561e+01,5.000000e+00,4.000000e+02,1.000046e+00,nan,6.056432e-04,6.250000e-04,5.000000e+00
80,0,1.436180e-03,9.495124e-05,3.570224e-03,5.543818e-03,2.443840e+01,5.000000e+00,4.050000e+02,1.000120e+00,nan,2.077773e-03,6.172840e-04,5.000000e+00
80,1,4.227548e-03,1.036118e-04,1.506096e-02,2.091369e-02,2.412281e+01,5.000000e+00,4.050000e+02,1.000036e+00,nan,4.992109e-04,6.172840e-04,5.000000e+00
80,2,3.509062e-03,8.007665e-05,1.250507e-02,1.759398e-02,2.450480e+01,5.000000e+00,4.050000e+02,1.000036e+00,nan,6.002074e-04,6.172840e-04,5.000000e+00
81,0,nan,nan,3.479516e-03,nan,2.443770e+01,5.000000e+00,4.100000e+02,1.000115e+00,nan,2.082797e-03,6.097561e-04,5.000000e+00
81,1,nan,nan,1.486523e-02,nan,2.411926e+01,5.000000e+00,4.100000e+02,1.000028e+00,nan,4.937302e-04,6.097561e-04,5.000000e+00
81,2,nan,nan,1.231499e-02,nan,2.450395e+01,5.000000e+00,4.100000e+02,1.000035e+00,nan,5.946428e-04,6.097561e-04,5.000000e+00
82,0,nan,nan,3.410851e-03,nan,2.443702e+01,5.000000e+00,4.150000e+02,1.000102e+00,nan,2.085907e-03,6.024097e-04,5.000000e+00
82,1,nan,nan,1.467485e-02,nan,2.411569e+01,5.000000e+00,4.150000e+02,1.000021e+00,nan,4.882500e-04,6.024097e-04,5.000000e+00
82,2,nan,nan,1.212303e-02,nan,2.450304e+01,5.000000e+00,4.150000e+02,1.000038e+00,nan,5.893587e-04,6.024097e-04,5.000000e+00
83,0,nan,nan,3.347693e-03,nan,2.443634e+01,5.000000e+00,4.200000e+02,1.000085e+00,nan,2.077537e-03,5.952381e-04,5.000000e+00
83,1,nan,nan,1.448600e-02,nan,2.411211e+01,5.000000e+00,4.200000e+02,1.000021e+00,nan,4.828785e-04,5.952381e-04,5.000000e+00
83,2,nan,nan,1.193129e-02,nan,2.450211e+01,5.000000e+00,4.200000e+02,1.000045e+00,nan,5.845210e-04,5.952381e-04,5.000000e+00
84,0,nan,nan,3.285092e-03,nan,2.443568e+01,5.000000e+00,4.250000e+02,1.000073e+00,nan,2.067219e-03,5.882353e-04,5.000000e+00
84,1,nan,nan,1.429786e-02,nan,2.410853e+01,5.000000e+00,4.250000e+02,1.000021e+00,nan,4.777312e-04,5.882353e-04,5.000000e+00
84,2,nan,nan,1.170042e-02,nan,2.450120e+01,5.000000e+00,4.250000e+02,1.000064e+00,nan,5.800223e-04,5.882353e-04,5.000000e+00
85,0,1.135917e-03,7.509346e-05,3.223489e-03,5.033349e-03,2.443502e+01,5.000000e+00,4.300000e+02,1.000066e+00,nan,2.057906e-03,5.813953e-04,5.000000e+00
85,1,3.957363e-03,9.697607e-05,1.410583e-02,1.954949e-02,2.410492e+01,5.000000e+00,4.300000e+02,1.000025e+00,nan,4.728268e-04,5.813953e-04,5.000000e+00
85,2,3.310587e-03,7.553969e-05,1.147049e-02,1.613751e-02,2.450028e+01,5.000000e+00,4.300000e+02,1.000061e+00,nan,5.777924e-04,5.813953e-04,5.000000e+00
86,0,nan,nan,3.165570e-03,nan,2.443439e+01,5.000000e+00,4.350000e+02,1.000061e+00,nan,2.049299e-03,5.747126e-04,5.000000e+00
86,1,nan,nan,1.390543e-02,nan,2.410132e+01,5.000000e+00,4.350000e+02,1.000028e+00,nan,4.683094e-04,5.747126e-04,5.000000e+00
86,2,nan,nan,1.128528e-02,nan,2.449936e+01,5.000000e+00,4.350000e+02,1.000049e+00,nan,5.759034e-04,5.747126e-04,5.000000e+00
87,0,nan,nan,3.110770e-03,nan,2.443378e+01,5.000000e+00,4.400000e+02,1.000057e+00,nan,2.039636e-03,5.681818e-04,5.000000e+00
87,1,nan,nan,1.372225e-02,nan,2.409772e+01,5.000000e+00,4.400000e+02,1.000025e+00,nan,4.643230e-04,5.681818e-04,5.000000e+00
87,2,nan,nan,1.110538e-02,nan,2.449843e+01,5.000000e+00,4.400000e+02,1.000043e+00,nan,5.721269e-04,5.681818e-04,5.000000e+00
88,0,nan,nan,3.057276e-03,nan,2.443320e+01,5.000000e+00,4.450000e+02,1.000055e+00,nan,2.029187e-03,5.617978e-04,5.000000e+00
88,1,nan,nan,1.354887e-02,nan,2.409411e+01,5.000000e+00,4.450000e+02,1.000024e+00,nan,4.600072e-04,5.617978e-04,5.000000e+00
88,2,nan,nan,1.088743e-02,nan,2.449750e+01,5.000000e+00,4.450000e+02,1.000052e+00,nan,5.684035e-04,5.617978e-04,5.000000e+00
89,0,nan,nan,3.006010e-03,nan,2.443262e+01,5.000000e+00,4.500000e+02,1.000054e+00,nan,2.019065e-03,5.555556e-04,5.000000e+00
89,1,nan,nan,1.338017e-02,nan,2.409048e+01,5.000000e+00,4.500000e+02,1.000022e+00,nan,4.555982e-04,5.555556e-04,5.000000e+00
89,2,nan,nan,1.071412e-02,nan,2.449656e+01,5.000000e+00,4.500000e+02,1.000046e+00,nan,5.669695e-04,5.555556e-04,5.000000e+00
90,0,1.004184e-03,6.638014e-05,2.957033e-03,4.647666e-03,2.443207e+01,5.000000e+00,4.550000e+02,1.000054e+00,nan,2.008616e-03,5.494506e-04,5.000000e+00
90,1,3.711977e-03,9.095095e-05,1.320787e-02,1.833574e-02,2.408685e+01,5.000000e+00,4.550000e+02,1.000027e+00,nan,4.512586e-04,5.494506e-04,5.000000e+00
90,2,2.964665e-03,6.764038e-05,1.055501e-02,1.487974e-02,2.449558e+01,5.000000e+00,4.550000e+02,1.000036e+00,nan,5.635478e-04,5.494506e-04,5.000000e+00
91,0,nan,nan,2.909910e-03,nan,2.443152e+01,5.000000e+00,4.600000e+02,1.000053e+00,nan,1.997736e-03,5.434782e-04,5.000000e+00
91,1,nan,nan,1.303881e-02,nan,2.408321e+01,5.000000e+00,4.600000e+02,1.000030e+00,nan,4.472616e-04,5.434782e-04,5.000000e+00
91,2,nan,nan,1.040028e-02,nan,2.449458e+01,5.000000e+00,4.600000e+02,1.000038e+00,nan,5.596748e-04,5.434782e-04,5.000000e+00
92,0,nan,nan,2.865009e-03,nan,2.443099e+01,5.000000e+00,4.650000e+02,1.000052e+00,nan,1.986665e-03,5.376344e-04,5.000000e+00
92,1,nan,nan,1.286897e-02,nan,2.407956e+01,5.000000e+00,4.650000e+02,1.000029e+00,nan,4.433699e-04,5.376344e-04,5.000000e+00
92,2,nan,nan,1.023308e-02,nan,2.449354e+01,5.000000e+00,4.650000e+02,1.000052e+00,nan,5.558521e-04,5.376344e-04,5.000000e+00
93,0,nan,nan,2.822365e-03,nan,2.443047e+01,5.000000e+00,4.700000e+02,1.000051e+00,nan,1.975096e-03,5.319149e-04,5.000000e+00
93,1,nan,nan,1.269945e-02,nan,2.407592e+01,5.000000e+00,4.700000e+02,1.000028e+00,nan,4.397142e-04,5.319149e-04,5.000000e+00
93,2,nan,nan,1.007986e-02,nan,2.449250e+01,5.000000e+00,4.700000e+02,1.000056e+00,nan,5.529781e-04,5.319149e-04,5.000000e+00
94,0,nan,nan,2.781386e-03,nan,2.442996e+01,5.000000e+00,4.750000e+02,1.000050e+00,nan,1.962952e-03,5.263158e-04,5.000000e+00
94,1,nan,nan,1.253022e-02,nan,2.407230e+01,5.000000e+00,4.750000e+02,1.000027e+00,nan,4.362524e-04,5.263158e-04,5.000000e+00
94,2,nan,nan,9.920273e-03,nan,2.449145e+01,5.000000e+00,4.750000e+02,1.000053e+00,nan,5.496271e-04,5.263158e-04,5.000000e+00
95,0,9.218225e-04,6.093200e-05,2.741860e-03,4.322127e-03,2.442947e+01,5.000000e+00,4.800000e+02,1.000049e+00,nan,1.950591e-03,5.208334e-04,5.000000e+00
95,1,3.466224e-03,8.491932e-05,1.237871e-02,1.719207e-02,2.406869e+01,5.000000e+00,4.800000e+02,1.000022e+00,nan,4.329809e-04,5.208334e-04,5.000000e+00
95,2,2.837563e-03,6.473524e-05,9.740281e-03,1.373770e-02,2.449038e+01,5.000000e+00,4.800000e+02,1.000054e+00,nan,5.468950e-04,5.208334e-04,5.000000e+00
96,0,nan,nan,2.704006e-03,nan,2.442899e+01,5.000000e+00,4.850000e+02,1.000048e+00,nan,1.938123e-03,5.154639e-04,5.000000e+00
96,1,nan,nan,1.222492e-02,nan,2.406506e+01,5.000000e+00,4.850000e+02,1.000021e+00,nan,4.292903e-04,5.154639e-04,5.000000e+00
96,2,nan,nan,9.577420e-03,nan,2.448928e+01,5.000000e+00,4.850000e+02,1.000047e+00,nan,5.455757e-04,5.154639e-04,5.000000e+00
97,0,nan,nan,2.667365e-03,nan,2.442852e+01,5.000000e+00,4.900000e+02,1.000046e+00,nan,1.925352e-03,5.102041e-04,5.000000e+00
97,1,nan,nan,1.207332e-02,nan,2.406141e+01,5.000000e+00,4.900000e+02,1.000020e+00,nan,4.258648e-04,5.102041e-04,5.000000e+00
97,2,nan,nan,9.422470e-03,nan,2.448816e+01,5.000000e+00,4.900000e+02,1.000044e+00,nan,5.435873e-04,5.102041e-04,5.000000e+00
98,0,nan,nan,2.632194e-03,nan,2.442806e+01,5.000000e+00,4.950000e+02,1.000045e+00,nan,1.912570e-03,5.050505e-04,5.000000e+00
98,1,nan,nan,1.192420e-02,nan,2.405775e+01,5.000000e+00,4.950000e+02,1.000023e+00,nan,4.225448e-04,5.050505e-04,5.000000e+00
98,2,nan,nan,9.267451e-03,nan,2.448707e+01,5.000000e+00,4.950000e+02,1.000041e+00,nan,5.414207e-04,5.050505e-04,5.000000e+00
99,0,nan,nan,2.598268e-03,nan,2.442761e+01,5.000000e+00,5.000000e+02,1.000044e+00,nan,1.899556e-03,5.000000e-04,5.000000e+00
99,1,nan,nan,1.175428e-02,nan,2.405412e+01,5.000000e+00,5.000000e+02,1.000032e+00,nan,4.193155e-04,5.000000e-04,5.000000e+00
99,2,nan,nan,9.121294e-03,nan,2.448602e+01,5.000000e+00,5.000000e+02,1.000042e+00,nan,5.395227e-04,5.000000e-04,5.000000e+00
100,0,8.561020e-04,5.658483e-05,2.565794e-03,4.048845e-03,2.442717e+01,5.000000e+00,5.050000e+02,1.000043e+00,nan,1.886441e-03,4.950495e-04,5.000000e+00
100,1,3.246322e-03,7.952313e-05,1.156068e-02,1.597379e-02,2.405053e+01,5.000000e+00,5.050000e+02,1.000039e+00,nan,4.169953e-04,4.950495e-04,5.000000e+00
100,2,2.552127e-03,5.821916e-05,8.982951e-03,1.270512e-02,2.448498e+01,5.000000e+00,5.050000e+02,1.000046e+00,nan,5.373668e-04,4.950495e-04,5.000000e+00
101,0,nan,nan,2.534476e-03,nan,2.442674e+01,5.000000e+00,5.100000e+02,1.000042e+00,nan,1.873043e-03,4.901961e-04,5.000000e+00
101,1,nan,nan,1.136881e-02,nan,2.404701e+01,5.000000e+00,5.100000e+02,1.000042e+00,nan,4.157060e-04,4.901961e-04,5.000000e+00
101,2,nan,nan,8.849924e-03,nan,2.448395e+01,5.000000e+00,5.100000e+02,1.000049e+00,nan,5.349962e-04,4.901961e-04,5.000000e+00
102,0,nan,nan,2.504345e-03,nan,2.442632e+01,5.000000e+00,5.150000e+02,1.000041e+00,nan,1.859548e-03,4.854369e-04,5.000000e+00
102,1,nan,nan,1.121144e-02,nan,2.404353e+01,5.000000e+00,5.150000e+02,1.000029e+00,nan,4.145535e-04,4.854369e-04,5.000000e+00
102,2,nan,nan,8.712134e-03,nan,2.448292e+01,5.000000e+00,5.150000e+02,1.000053e+00,nan,5.325446e-04,4.854369e-04,5.000000e+00
103,0,nan,nan,2.475290e-03,nan,2.442592e+01,5.000000e+00,5.200000e+02,1.000041e+00,nan,1.845904e-03,4.807692e-04,5.000000e+00
103,1,nan,nan,1.106779e-02,nan,2.404005e+01,5.000000e+00,5.200000e+02,1.000022e+00,nan,4.123271e-04,4.807692e-04,5.000000e+00
103,2,nan,nan,8.558197e-03,nan,2.448188e+01,5.000000e+00,5.200000e+02,1.000059e+00,nan,5.306141e-04,4.807692e-04,5.000000e+00
104,0,nan,nan,2.446948e-03,nan,2.442552e+01,5.000000e+00,5.250000e+02,1.000040e+00,nan,1.832168e-03,4.761905e-04,5.000000e+00
104,1,nan,nan,1.092482e-02,nan,2.403655e+01,5.000000e+00,5.250000e+02,1.000021e+00,nan,4.097610e-04,4.761905e-04,5.000000e+00
104,2,nan,nan,8.362095e-03,nan,2.448080e+01,5.000000e+00,5.250000e+02,1.000069e+00,nan,5.299186e-04,4.761905e-04,5.000000e+00
105,0,1.018187e-03,6.729476e-05,2.163435e-03,3.466214e-03,2.442513e+01,5.000000e+00,5.300000e+02,1.000067e+00,nan,1.818585e-03,4.716981e-04,5.000000e+00
105,1,3.048131e-03,7.466068e-05,1.078921e-02,1.501913e-02,2.403306e+01,5.000000e+00,5.300000e+02,1.000022e+00,nan,4.073279e-04,4.716981e-04,5.000000e+00
105,2,2.457316e-03,5.605269e-05,8.230483e-03,1.167447e-02,2.447970e+01,5.000000e+00,5.300000e+02,1.000062e+00,nan,5.321612e-04,4.716981e-04,5.000000e+00
106,0,nan,nan,2.022690e-03,nan,2.442468e+01,5.000000e+00,5.350000e+02,1.000068e+00,nan,2.018639e-03,4.672897e-04,5.000000e+00
106,1,nan,nan,1.065760e-02,nan,2.402959e+01,5.000000e+00,5.350000e+02,1.000024e+00,nan,4.047741e-04,4.672897e-04,5.000000e+00
106,2,nan,nan,8.121290e-03,nan,2.447861e+01,5.000000e+00,5.350000e+02,1.000048e+00,nan,5.306120e-04,4.672897e-04,5.000000e+00
107,0,nan,nan,1.965169e-03,nan,2.442418e+01,5.000000e+00,5.400000e+02,1.000058e+00,nan,2.119303e-03,4.629630e-04,5.000000e+00
107,1,nan,nan,1.053276e-02,nan,2.402617e+01,5.000000e+00,5.400000e+02,1.000023e+00,nan,4.022195e-04,4.629630e-04,5.000000e+00
107,2,nan,nan,8.010851e-03,nan,2.447754e+01,5.000000e+00,5.400000e+02,1.000036e+00,nan,5.278341e-04,4.629630e-04,5.000000e+00
108,0,nan,nan,1.936226e-03,nan,2.442368e+01,5.000000e+00,5.450000e+02,1.000044e+00,nan,2.141495e-03,4.587156e-04,5.000000e+00
108,1,nan,nan,1.041547e-02,nan,2.402277e+01,5.000000e+00,5.450000e+02,1.000019e+00,nan,3.995532e-04,4.587156e-04,5.000000e+00
108,2,nan,nan,7.913397e-03,nan,2.447646e+01,5.000000e+00,5.450000e+02,1.000026e+00,nan,5.253374e-04,4.587156e-04,5.000000e+00
109,0,nan,nan,1.904415e-03,nan,2.442321e+01,5.000000e+00,5.500000e+02,1.000032e+00,nan,2.134168e-03,4.545455e-04,5.000000e+00
109,1,nan,nan,1.029352e-02,nan,2.401938e+01,5.000000e+00,5.500000e+02,1.000019e+00,nan,3.967398e-04,4.545455e-04,5.000000e+00
109,2,nan,nan,7.816096e-03,nan,2.447536e+01,5.000000e+00,5.500000e+02,1.000026e+00,nan,5.221818e-04,4.545455e-04,5.000000e+00
110,0,7.013543e-04,4.635247e-05,1.852075e-03,3.150892e-03,2.442275e+01,5.000000e+00,5.550000e+02,1.000031e+00,nan,2.130897e-03,4.504505e-04,5.000000e+00
110,1,2.842150e-03,6.960896e-05,1.016292e-02,1.406743e-02,2.401600e+01,5.000000e+00,5.550000e+02,1.000023e+00,nan,3.942394e-04,4.504505e-04,5.000000e+00
110,2,2.180455e-03,4.973453e-05,7.707702e-03,1.093229e-02,2.447426e+01,5.000000e+00,5.550000e+02,1.000033e+00,nan,5.191994e-04,4.504505e-04,5.000000e+00
111,0,nan,nan,1.799775e-03,nan,2.442233e+01,5.000000e+00,5.600000e+02,1.000034e+00,nan,2.152164e-03,4.464286e-04,5.000000e+00
111,1,nan,nan,1.000718e-02,nan,2.401263e+01,5.000000e+00,5.600000e+02,1.000031e+00,nan,3.922071e-04,4.464286e-04,5.000000e+00
111,2,nan,nan,7.607834e-03,nan,2.447316e+01,5.000000e+00,5.600000e+02,1.000038e+00,nan,5.171411e-04,4.464286e-04,5.000000e+00
112,0,nan,nan,1.762126e-03,nan,2.442192e+01,5.000000e+00,5.650000e+02,1.000037e+00,nan,2.175679e-03,4.424779e-04,5.000000e+00
112,1,nan,nan,9.859335e-03,nan,2.400931e+01,5.000000e+00,5.650000e+02,1.000035e+00,nan,3.912924e-04,4.424779e-04,5.000000e+00
112,2,nan,nan,7.490870e-03,nan,2.447209e+01,5.000000e+00,5.650000e+02,1.000046e+00,nan,5.146975e-04,4.424779e-04,5.000000e+00
113,0,nan,nan,1.736109e-03,nan,2.442154e+01,5.000000e+00,5.700000e+02,1.000041e+00,nan,2.183349e-03,4.385965e-04,5.000000e+00
113,1,nan,nan,9.713634e-03,nan,2.400605e+01,5.000000e+00,5.700000e+02,1.000035e+00,nan,3.902228e-04,4.385965e-04,5.000000e+00
113,2,nan,nan,7.345654e-03,nan,2.447105e+01,5.000000e+00,5.700000e+02,1.000050e+00,nan,5.136036e-04,4.385965e-04,5.000000e+00
114,0,nan,nan,1.711363e-03,nan,2.442116e+01,5.000000e+00,5.750000e+02,1.000044e+00,nan,2.177696e-03,4.347826e-04,5.000000e+00
114,1,nan,nan,9.577157e-03,nan,2.400286e+01,5.000000e+00,5.750000e+02,1.000031e+00,nan,3.892177e-04,4.347826e-04,5.000000e+00
114,2,nan,nan,7.240487e-03,nan,2.447004e+01,5.000000e+00,5.750000e+02,1.000038e+00,nan,5.146878e-04,4.347826e-04,5.000000e+00
115,0,6.325351e-04,4.180275e-05,1.683043e-03,2.916603e-03,2.442079e+01,5.000000e+00,5.800000e+02,1.000046e+00,nan,2.171261e-03,4.310345e-04,5.000000e+00
115,1,2.683888e-03,6.572731e-05,9.457270e-03,1.317434e-02,2.399970e+01,5.000000e+00,5.800000e+02,1.000026e+00,nan,3.879872e-04,4.310345e-04,5.000000e+00
115,2,2.041309e-03,4.655834e-05,7.128231e-03,1.013227e-02,2.446904e+01,5.000000e+00,5.800000e+02,1.000038e+00,nan,5.131995e-04,4.310345e-04,5.000000e+00
116,0,nan,nan,1.653145e-03,nan,2.442042e+01,5.000000e+00,5.850000e+02,1.000045e+00,nan,2.170217e-03,4.273504e-04,5.000000e+00
116,1,nan,nan,9.345960e-03,nan,2.399656e+01,5.000000e+00,5.850000e+02,1.000024e+00,nan,3.862180e-04,4.273504e-04,5.000000e+00
116,2,nan,nan,7.015878e-03,nan,2.446804e+01,5.000000e+00,5.850000e+02,1.000041e+00,nan,5.124087e-04,4.273504e-04,5.000000e+00
117,0,nan,nan,1.625270e-03,nan,2.442005e+01,5.000000e+00,5.900000e+02,1.000042e+00,nan,2.172176e-03,4.237288e-04,5.000000e+00
117,1,nan,nan,9.228293e-03,nan,2.399345e+01,5.000000e+00,5.900000e+02,1.000026e+00,nan,3.842219e-04,4.237288e-04,5.000000e+00
117,2,nan,nan,6.919556e-03,nan,2.446706e+01,5.000000e+00,5.900000e+02,1.000039e+00,nan,5.118279e-04,4.237288e-04,5.000000e+00
118,0,nan,nan,1.600064e-03,nan,2.441968e+01,5.000000e+00,5.950000e+02,1.000037e+00,nan,2.172454e-03,4.201681e-04,5.000000e+00
118,1,nan,nan,9.093491e-03,nan,2.399036e+01,5.000000e+00,5.950000e+02,1.000028e+00,nan,3.826086e-04,4.201681e-04,5.000000e+00
118,2,nan,nan,6.828427e-03,nan,2.446609e+01,5.000000e+00,5.950000e+02,1.000033e+00,nan,5.102674e-04,4.201681e-04,5.000000e+00
119,0,nan,nan,1.575438e-03,nan,2.441932e+01,5.000000e+00,6.000000e+02,1.000033e+00,nan,2.170052e-03,4.166667e-04,5.000000e+00
119,1,nan,nan,8.989230e-03,nan,2.398729e+01,5.000000e+00,6.000000e+02,1.000023e+00,nan,3.818360e-04,4.166667e-04,5.000000e+00
119,2,nan,nan,6.746280e-03,nan,2.446512e+01,5.000000e+00,6.000000e+02,1.000028e+00,nan,5.084952e-04,4.166667e-04,5.000000e+00
120,0,5.733585e-04,3.789074e-05,1.535927e-03,2.655848e-03,2.441897e+01,5.000000e+00,6.050000e+02,1.000033e+00,nan,2.167695e-03,4.132231e-04,5.000000e+00
120,1,2.501587e-03,6.125809e-05,8.890064e-03,1.240716e-02,2.398422e+01,5.000000e+00,6.050000e+02,1.000020e+00,nan,3.799065e-04,4.132231e-04,5.000000e+00
120,2,1.928852e-03,4.399142e-05,6.672442e-03,9.524428e-03,2.446417e+01,5.000000e+00,6.050000e+02,1.000023e+00,nan,5.062149e-04,4.132231e-04,5.000000e+00
121,0,nan,nan,1.476315e-03,nan,2.441864e+01,5.000000e+00,6.100000e+02,1.000036e+00,nan,2.187156e-03,4.098361e-04,5.000000e+00
121,1,nan,nan,8.784872e-03,nan,2.398117e+01,5.000000e+00,6.100000e+02,1.000020e+00,nan,3.778727e-04,4.098361e-04,5.000000e+00
121,2,nan,nan,6.595652e-03,nan,2.446320e+01,5.000000e+00,6.100000e+02,1.000022e+00,nan,5.034606e-04,4.098361e-04,5.000000e+00
122,0,nan,nan,1.442258e-03,nan,2.441831e+01,5.000000e+00,6.150000e+02,1.000036e+00,nan,2.238622e-03,4.065041e-04,5.000000e+00
122,1,nan,nan,8.690229e-03,nan,2.397815e+01,5.000000e+00,6.150000e+02,1.000018e+00,nan,3.762048e-04,4.065041e-04,5.000000e+00
122,2,nan,nan,6.526394e-03,nan,2.446223e+01,5.000000e+00,6.150000e+02,1.000022e+00,nan,5.010742e-04,4.065041e-04,5.000000e+00
123,0,nan,nan,1.419110e-03,nan,2.441794e+01,5.000000e+00,6.200000e+02,1.000033e+00,nan,2.254673e-03,4.032258e-04,5.000000e+00
123,1,nan,nan,8.602832e-03,nan,2.397515e+01,5.000000e+00,6.200000e+02,1.000019e+00,nan,3.741928e-04,4.032258e-04,5.000000e+00
123,2,nan,nan,6.459326e-03,nan,2.446125e+01,5.000000e+00,6.200000e+02,1.000026e+00,nan,4.982569e-04,4.032258e-04,5.000000e+00
124,0,nan,nan,1.396539e-03,nan,2.441756e+01,5.000000e+00,6.250000e+02,1.000029e+00,nan,2.254935e-03,4.000000e-04,5.000000e+00
124,1,nan,nan,8.511567e-03,nan,2.397216e+01,5.000000e+00,6.250000e+02,1.000020e+00,nan,3.719705e-04,4.000000e-04,5.000000e+00
124,2,nan,nan,6.394818e-03,nan,2.446028e+01,5.000000e+00,6.250000e+02,1.000025e+00,nan,4.954078e-04,4.000000e-04,5.000000e+00
125,0,5.238294e-04,3.461662e-05,1.372166e-03,2.487424e-03,2.441718e+01,5.000000e+00,6.300000e+02,1.000028e+00,nan,2.255152e-03,3.968254e-04,5.000000e+00
125,1,2.370578e-03,5.804584e-05,8.422554e-03,1.176563e-02,2.396919e+01,5.000000e+00,6.300000e+02,1.000018e+00,nan,3.700150e-04,3.968254e-04,5.000000e+00
125,2,1.779610e-03,4.058597e-05,6.332807e-03,9.050075e-03,2.445930e+01,5.000000e+00,6.300000e+02,1.000021e+00,nan,4.924937e-04,3.968254e-04,5.000000e+00
126,0,nan,nan,1.347724e-03,nan,2.441683e+01,5.000000e+00,6.350000e+02,1.000028e+00,nan,2.259207e-03,3.937008e-04,5.000000e+00
126,1,nan,nan,8.329364e-03,nan,2.396624e+01,5.000000e+00,6.350000e+02,1.000017e+00,nan,3.680601e-04,3.937008e-04,5.000000e+00
126,2,nan,nan,6.270945e-03,nan,2.445831e+01,5.000000e+00,6.350000e+02,1.000020e+00,nan,4.895153e-04,3.937008e-04,5.000000e+00
127,0,nan,nan,1.326106e-03,nan,2.441650e+01,5.000000e+00,6.400000e+02,1.000028e+00,nan,2.264378e-03,3.906250e-04,5.000000e+00
127,1,nan,nan,8.236509e-03,nan,2.396332e+01,5.000000e+00,6.400000e+02,1.000018e+00,nan,3.663854e-04,3.906250e-04,5.000000e+00
127,2,nan,nan,6.197950e-03,nan,2.445732e+01,5.000000e+00,6.400000e+02,1.000027e+00,nan,4.866504e-04,3.906250e-04,5.000000e+00
128,0,nan,nan,1.306895e-03,nan,2.441619e+01,5.000000e+00,6.450000e+02,1.000028e+00,nan,2.265752e-03,3.875969e-04,5.000000e+00
128,1,nan,nan,8.148603e-03,nan,2.396041e+01,5.000000e+00,6.450000e+02,1.000017e+00,nan,3.647938e-04,3.875969e-04,5.000000e+00
128,2,nan,nan,6.124433e-03,nan,2.445637e+01,5.000000e+00,6.450000e+02,1.000029e+00,nan,4.847775e-04,3.875969e-04,5.000000e+00
129,0,nan,nan,1.287727e-03,nan,2.441589e+01,5.000000e+00,6.500000e+02,1.000028e+00,nan,2.263823e-03,3.846154e-04,5.000000e+00
129,1,nan,nan,8.066185e-03,nan,2.395752e+01,5.000000e+00,6.500000e+02,1.000015e+00,nan,3.630782e-04,3.846154e-04,5.000000e+00
129,2,nan,nan,6.067930e-03,nan,2.445542e+01,5.000000e+00,6.500000e+02,1.000022e+00,nan,4.830782e-04,3.846154e-04,5.000000e+00
130,0,4.790682e-04,3.165786e-05,1.268602e-03,2.337388e-03,2.441559e+01,5.000000e+00,6.550000e+02,1.000028e+00,nan,2.262578e-03,3.816794e-04,5.000000e+00
130,1,2.234752e-03,5.471639e-05,7.974843e-03,1.113693e-02,2.395464e+01,5.000000e+00,6.550000e+02,1.000019e+00,nan,3.612096e-04,3.816794e-04,5.000000e+00
130,2,1.696441e-03,3.868774e-05,6.012629e-03,8.609328e-03,2.445448e+01,5.000000e+00,6.550000e+02,1.000017e+00,nan,4.801610e-04,3.816794e-04,5.000000e+00
131,0,nan,nan,1.250191e-03,nan,2.441529e+01,5.000000e+00,6.600000e+02,1.000028e+00,nan,2.262021e-03,3.787879e-04,5.000000e+00
131,1,nan,nan,7.878809e-03,nan,2.395178e+01,5.000000e+00,6.600000e+02,1.000024e+00,nan,3.598322e-04,3.787879e-04,5.000000e+00
131,2,nan,nan,5.956026e-03,nan,2.445352e+01,5.000000e+00,6.600000e+02,1.000016e+00,nan,4.772630e-04,3.787879e-04,5.000000e+00
132,0,nan,nan,1.232943e-03,nan,2.441499e+01,5.000000e+00,6.650000e+02,1.000027e+00,nan,2.260947e-03,3.759399e-04,5.000000e+00
132,1,nan,nan,7.793698e-03,nan,2.394897e+01,5.000000e+00,6.650000e+02,1.000022e+00,nan,3.587618e-04,3.759399e-04,5.000000e+00
132,2,nan,nan,5.897820e-03,nan,2.445256e+01,5.000000e+00,6.650000e+02,1.000019e+00,nan,4.745808e-04,3.759399e-04,5.000000e+00
133,0,nan,nan,1.216315e-03,nan,2.441469e+01,5.000000e+00,6.700000e+02,1.000026e+00,nan,2.258487e-03,3.731343e-04,5.000000e+00
133,1,nan,nan,7.703051e-03,nan,2.394618e+01,5.000000e+00,6.700000e+02,1.000023e+00,nan,3.572867e-04,3.731343e-04,5.000000e+00
133,2,nan,nan,5.840194e-03,nan,2.445161e+01,5.000000e+00,6.700000e+02,1.000021e+00,nan,4.721379e-04,3.731343e-04,5.000000e+00
134,0,nan,nan,1.200079e-03,nan,2.441440e+01,5.000000e+00,6.750000e+02,1.000026e+00,nan,2.255570e-03,3.703704e-04,5.000000e+00
134,1,nan,nan,7.600128e-03,nan,2.394343e+01,5.000000e+00,6.750000e+02,1.000027e+00,nan,3.561555e-04,3.703704e-04,5.000000e+00
134,2,nan,nan,5.785617e-03,nan,2.445066e+01,5.000000e+00,6.750000e+02,1.000020e+00,nan,4.697591e-04,3.703704e-04,5.000000e+00
135,0,4.482518e-04,2.962082e-05,1.184337e-03,2.210835e-03,2.441411e+01,5.000000e+00,6.800000e+02,1.000026e+00,nan,2.252590e-03,3.676471e-04,5.000000e+00
135,1,2.214719e-03,5.422259e-05,7.479016e-03,1.044076e-02,2.394073e+01,5.000000e+00,6.800000e+02,1.000035e+00,nan,3.556897e-04,3.676471e-04,5.000000e+00
135,2,1.617767e-03,3.689226e-05,5.733574e-03,8.207446e-03,2.444971e+01,5.000000e+00,6.800000e+02,1.000018e+00,nan,4.672427e-04,3.676471e-04,5.000000e+00
136,0,nan,nan,1.169108e-03,nan,2.441383e+01,5.000000e+00,6.850000e+02,1.000026e+00,nan,2.249332e-03,3.649635e-04,5.000000e+00
136,1,nan,nan,7.366644e-03,nan,2.393810e+01,5.000000e+00,6.850000e+02,1.000035e+00,nan,3.561922e-04,3.649635e-04,5.000000e+00
136,2,nan,nan,5.682805e-03,nan,2.444875e+01,5.000000e+00,6.850000e+02,1.000016e+00,nan,4.646259e-04,3.649635e-04,5.000000e+00
137,0,nan,nan,1.154572e-03,nan,2.441356e+01,5.000000e+00,6.900000e+02,1.000026e+00,nan,2.245728e-03,3.623189e-04,5.000000e+00
137,1,nan,nan,7.292662e-03,nan,2.393550e+01,5.000000e+00,6.900000e+02,1.000022e+00,nan,3.564036e-04,3.623189e-04,5.000000e+00
137,2,nan,nan,5.632723e-03,nan,2.444778e+01,5.000000e+00,6.900000e+02,1.000016e+00,nan,4.620076e-04,3.623189e-04,5.000000e+00
138,0,nan,nan,1.140277e-03,nan,2.441329e+01,5.000000e+00,6.950000e+02,1.000026e+00,nan,2.241401e-03,3.597122e-04,5.000000e+00
138,1,nan,nan,7.210944e-03,nan,2.393293e+01,5.000000e+00,6.950000e+02,1.000016e+00,nan,3.548577e-04,3.597122e-04,5.000000e+00
138,2,nan,nan,5.575491e-03,nan,2.444682e+01,5.000000e+00,6.950000e+02,1.000020e+00,nan,4.594329e-04,3.597122e-04,5.000000e+00
139,0,nan,nan,1.126440e-03,nan,2.441302e+01,5.000000e+00,7.000000e+02,1.000025e+00,nan,2.237194e-03,3.571429e-04,5.000000e+00
139,1,nan,nan,7.108815e-03,nan,2.393039e+01,5.000000e+00,7.000000e+02,1.000022e+00,nan,3.537706e-04,3.571429e-04,5.000000e+00
139,2,nan,nan,5.476695e-03,nan,2.444586e+01,5.000000e+00,7.000000e+02,1.000028e+00,nan,4.575418e-04,3.571429e-04,5.000000e+00
140,0,4.241864e-04,2.803001e-05,1.113063e-03,2.098880e-03,2.441276e+01,5.000000e+00,7.050000e+02,1.000025e+00,nan,2.232665e-03,3.546099e-04,5.000000e+00
140,1,2.056601e-03,5.034862e-05,7.022874e-03,9.858370e-03,2.392789e+01,5.000000e+00,7.050000e+02,1.000023e+00,nan,3.537811e-04,3.546099e-04,5.000000e+00
140,2,1.552342e-03,3.539914e-05,5.398785e-03,7.734767e-03,2.444491e+01,5.000000e+00,7.050000e+02,1.000028e+00,nan,4.592121e-04,3.546099e-04,5.000000e+00
141,0,nan,nan,1.100012e-03,nan,2.441250e+01,5.000000e+00,7.100000e+02,1.000025e+00,nan,2.227787e-03,3.521127e-04,5.000000e+00
141,1,nan,nan,6.954809e-03,nan,2.392541e+01,5.000000e+00,7.100000e+02,1.000018e+00,nan,3.530843e-04,3.521127e-04,5.000000e+00
141,2,nan,nan,5.344226e-03,nan,2.444396e+01,5.000000e+00,7.100000e+02,1.000023e+00,nan,4.593009e-04,3.521127e-04,5.000000e+00
142,0,nan,nan,1.087392e-03,nan,2.441224e+01,5.000000e+00,7.150000e+02,1.000024e+00,nan,2.222802e-03,3.496504e-04,5.000000e+00
142,1,nan,nan,6.891933e-03,nan,2.392295e+01,5.000000e+00,7.150000e+02,1.000016e+00,nan,3.515708e-04,3.496504e-04,5.000000e+00
142,2,nan,nan,5.293155e-03,nan,2.444302e+01,5.000000e+00,7.150000e+02,1.000018e+00,nan,4.575232e-04,3.496504e-04,5.000000e+00
143,0,nan,nan,1.075076e-03,nan,2.441198e+01,5.000000e+00,7.200000e+02,1.000024e+00,nan,2.217476e-03,3.472222e-04,5.000000e+00
143,1,nan,nan,6.819568e-03,nan,2.392052e+01,5.000000e+00,7.200000e+02,1.000019e+00,nan,3.498678e-04,3.472222e-04,5.000000e+00
143,2,nan,nan,5.239240e-03,nan,2.444208e+01,5.000000e+00,7.200000e+02,1.000018e+00,nan,4.555441e-04,3.472222e-04,5.000000e+00
144,0,nan,nan,1.063046e-03,nan,2.441173e+01,5.000000e+00,7.250000e+02,1.000023e+00,nan,2.212050e-03,3.448276e-04,5.000000e+00
144,1,nan,nan,6.703814e-03,nan,2.391812e+01,5.000000e+00,7.250000e+02,1.000029e+00,nan,3.487202e-04,3.448276e-04,5.000000e+00
144,2,nan,nan,5.186643e-03,nan,2.444114e+01,5.000000e+00,7.250000e+02,1.000017e+00,nan,4.539058e-04,3.448276e-04,5.000000e+00
145,0,4.012481e-04,2.651378e-05,1.051437e-03,2.000651e-03,2.441149e+01,5.000000e+00,7.300000e+02,1.000023e+00,nan,2.206542e-03,3.424658e-04,5.000000e+00
145,1,1.971676e-03,4.826708e-05,6.578404e-03,9.234600e-03,2.391578e+01,5.000000e+00,7.300000e+02,1.000030e+00,nan,3.498987e-04,3.424658e-04,5.000000e+00
145,2,1.452997e-03,3.313270e-05,5.134232e-03,7.313561e-03,2.444020e+01,5.000000e+00,7.300000e+02,1.000021e+00,nan,4.522493e-04,3.424658e-04,5.000000e+00
146,0,nan,nan,1.040035e-03,nan,2.441124e+01,5.000000e+00,7.350000e+02,1.000023e+00,nan,2.200655e-03,3.401361e-04,5.000000e+00
146,1,nan,nan,6.503632e-03,nan,2.391350e+01,5.000000e+00,7.350000e+02,1.000023e+00,nan,3.517343e-04,3.401361e-04,5.000000e+00
146,2,nan,nan,5.060239e-03,nan,2.443928e+01,5.000000e+00,7.350000e+02,1.000030e+00,nan,4.506712e-04,3.401361e-04,5.000000e+00
147,0,nan,nan,1.029002e-03,nan,2.441100e+01,5.000000e+00,7.400000e+02,1.000023e+00,nan,2.194818e-03,3.378378e-04,5.000000e+00
147,1,nan,nan,6.425613e-03,nan,2.391126e+01,5.000000e+00,7.400000e+02,1.000020e+00,nan,3.509866e-04,3.378378e-04,5.000000e+00
147,2,nan,nan,4.999212e-03,nan,2.443836e+01,5.000000e+00,7.400000e+02,1.000026e+00,nan,4.511028e-04,3.378378e-04,5.000000e+00
148,0,nan,nan,1.018281e-03,nan,2.441076e+01,5.000000e+00,7.450000e+02,1.000023e+00,nan,2.188675e-03,3.355705e-04,5.000000e+00
148,1,nan,nan,6.338741e-03,nan,2.390905e+01,5.000000e+00,7.450000e+02,1.000020e+00,nan,3.504959e-04,3.355705e-04,5.000000e+00
148,2,nan,nan,4.952908e-03,nan,2.443746e+01,5.000000e+00,7.450000e+02,1.000018e+00,nan,4.505012e-04,3.355705e-04,5.000000e+00
149,0,3.854616e-04,2.547031e-05,1.007806e-03,1.929462e-03,2.441053e+01,5.000000e+00,7.500000e+02,1.000023e+00,1.330512e-06,2.182328e-03,3.333333e-04,5.000000e+00
149,1,1.809148e-03,4.428673e-05,6.264640e-03,8.794953e-03,2.390687e+01,5.000000e+00,7.500000e+02,1.000021e+00,5.575504e-07,3.505778e-04,3.333333e-04,5.000000e+00
149,2,1.374527e-03,3.134264e-05,4.905593e-03,7.034370e-03,2.443655e+01,5.000000e+00,7.500000e+02,1.000013e+00,5.092623e-07,4.486703e-04,3.333333e-04,5.000000e+00
